-- CLIENTES
INSERT INTO tb_customer (id, name, email, cpf, role) VALUES
('00000000-0000-0000-0000-000000000001', 'Cliente 01', 'cliente01@example.com', '000.000.000-01', 'CUSTOMER'),
('00000000-0000-0000-0000-000000000002', 'Cliente 02', 'cliente02@example.com', '000.000.000-02', 'CUSTOMER'),
('00000000-0000-0000-0000-000000000003', 'Cliente 03', 'cliente03@example.com', '000.000.000-03', 'CUSTOMER'),
('00000000-0000-0000-0000-000000000004', 'Cliente 04', 'cliente04@example.com', '000.000.000-04', 'CUSTOMER'),
('00000000-0000-0000-0000-000000000005', 'Cliente 05', 'cliente05@example.com', '000.000.000-05', 'CUSTOMER'),
('00000000-0000-0000-0000-000000000006', 'Cliente 06', 'cliente06@example.com', '000.000.000-06', 'CUSTOMER'),
('00000000-0000-0000-0000-000000000007', 'Cliente 07', 'cliente07@example.com', '000.000.000-07', 'CUSTOMER'),
('00000000-0000-0000-0000-000000000008', 'Cliente 08', 'cliente08@example.com', '000.000.000-08', 'CUSTOMER'),
('00000000-0000-0000-0000-000000000009', 'Cliente 09', 'cliente09@example.com', '000.000.000-09', 'CUSTOMER'),
('00000000-0000-0000-0000-000000000010', 'Cliente 10', 'cliente10@example.com', '000.000.000-10', 'CUSTOMER');

-- FUNCIONÁRIOS
INSERT INTO tb_employee (id, name, email, cpf, role, password) VALUES
('10000000-0000-0000-0000-000000000001', 'Funcionario 01', 'func01@empresa.com', '111.111.111-01', 'ADMIN', 'senha01'),
('10000000-0000-0000-0000-000000000002', 'Funcionario 02', 'func02@empresa.com', '111.111.111-02', 'MANAGER', 'senha02'),
('10000000-0000-0000-0000-000000000003', 'Funcionario 03', 'func03@empresa.com', '111.111.111-03', 'STAFF', 'senha03'),
('10000000-0000-0000-0000-000000000004', 'Funcionario 04', 'func04@empresa.com', '111.111.111-04', 'STAFF', 'senha04'),
('10000000-0000-0000-0000-000000000005', 'Funcionario 05', 'func05@empresa.com', '111.111.111-05', 'STAFF', 'senha05');

-- PAGAMENTOS
INSERT INTO tb_payment (payment_id, status, method) VALUES
('20000000-0000-0000-0000-000000000001', 'APPROVED', 'QRCODE'),
('20000000-0000-0000-0000-000000000002', 'PENDING', 'QRCODE'),
('20000000-0000-0000-0000-000000000003', 'AUTHORIZED', 'QRCODE'),
('20000000-0000-0000-0000-000000000004', 'IN_PROCESS', 'QRCODE'),
('20000000-0000-0000-0000-000000000005', 'IN_MEDIATION', 'QRCODE'),
('20000000-0000-0000-0000-000000000006', 'REJECTED', 'QRCODE'),
('20000000-0000-0000-0000-000000000007', 'CANCELLED', 'QRCODE'),
('20000000-0000-0000-0000-000000000008', 'REFUNDED', 'QRCODE'),
('20000000-0000-0000-0000-000000000009', 'CHARGED_BACK', 'QRCODE'),
('20000000-0000-0000-0000-000000000010', 'APPROVED', 'QRCODE'),
('20000000-0000-0000-0000-000000000011', 'PENDING', 'QRCODE'),
('20000000-0000-0000-0000-000000000012', 'AUTHORIZED', 'QRCODE'),
('20000000-0000-0000-0000-000000000013', 'IN_PROCESS', 'QRCODE'),
('20000000-0000-0000-0000-000000000014', 'IN_MEDIATION', 'QRCODE'),
('20000000-0000-0000-0000-000000000015', 'REJECTED', 'QRCODE'),
('20000000-0000-0000-0000-000000000016', 'CANCELLED', 'QRCODE'),
('20000000-0000-0000-0000-000000000017', 'REFUNDED', 'QRCODE'),
('20000000-0000-0000-0000-000000000018', 'CHARGED_BACK', 'QRCODE'),
('20000000-0000-0000-0000-000000000019', 'APPROVED', 'QRCODE'),
('20000000-0000-0000-0000-000000000020', 'PENDING', 'QRCODE');

-- PEDIDOS
INSERT INTO tb_order (order_id, total_price, status, payment_fk_id, user_fk_id) VALUES
('30000000-0000-0000-0000-000000000001', 100.00, 'RECEIVED', '20000000-0000-0000-0000-000000000001', '00000000-0000-0000-0000-000000000001'),
('30000000-0000-0000-0000-000000000002', 150.50, 'PREPARING', '20000000-0000-0000-0000-000000000002', '00000000-0000-0000-0000-000000000002'),
('30000000-0000-0000-0000-000000000003', 200.75, 'READY', '20000000-0000-0000-0000-000000000003', '00000000-0000-0000-0000-000000000003'),
('30000000-0000-0000-0000-000000000004', 50.00, 'COMPLETED', '20000000-0000-0000-0000-000000000004', '00000000-0000-0000-0000-000000000004'),
('30000000-0000-0000-0000-000000000005', 120.25, 'CANCELLED', '20000000-0000-0000-0000-000000000005', '00000000-0000-0000-0000-000000000005'),
('30000000-0000-0000-0000-000000000006', 99.99, 'RECEIVED', '20000000-0000-0000-0000-000000000006', '00000000-0000-0000-0000-000000000006'),
('30000000-0000-0000-0000-000000000007', 175.40, 'PREPARING', '20000000-0000-0000-0000-000000000007', '00000000-0000-0000-0000-000000000007'),
('30000000-0000-0000-0000-000000000008', 220.10, 'READY', '20000000-0000-0000-0000-000000000008', '00000000-0000-0000-0000-000000000008'),
('30000000-0000-0000-0000-000000000009', 75.00, 'COMPLETED', '20000000-0000-0000-0000-000000000009', '00000000-0000-0000-0000-000000000009'),
('30000000-0000-0000-0000-000000000010', 130.00, 'CANCELLED', '20000000-0000-0000-0000-000000000010', '00000000-0000-0000-0000-000000000010'),
('30000000-0000-0000-0000-000000000011', 89.90, 'RECEIVED', '20000000-0000-0000-0000-000000000011', '00000000-0000-0000-0000-000000000001'),
('30000000-0000-0000-0000-000000000012', 109.80, 'PREPARING', '20000000-0000-0000-0000-000000000012', '00000000-0000-0000-0000-000000000002'),
('30000000-0000-0000-0000-000000000013', 45.60, 'READY', '20000000-0000-0000-0000-000000000013', '00000000-0000-0000-0000-000000000003'),
('30000000-0000-0000-0000-000000000014', 300.00, 'COMPLETED', '20000000-0000-0000-0000-000000000014', '00000000-0000-0000-0000-000000000004'),
('30000000-0000-0000-0000-000000000015', 55.55, 'CANCELLED', '20000000-0000-0000-0000-000000000015', '00000000-0000-0000-0000-000000000005'),
('30000000-0000-0000-0000-000000000016', 80.00, 'RECEIVED', '20000000-0000-0000-0000-000000000016', '00000000-0000-0000-0000-000000000006'),
('30000000-0000-0000-0000-000000000017', 140.00, 'PREPARING', '20000000-0000-0000-0000-000000000017', '00000000-0000-0000-0000-000000000007'),
('30000000-0000-0000-0000-000000000018', 95.00, 'READY', '20000000-0000-0000-0000-000000000018', '00000000-0000-0000-0000-000000000008'),
('30000000-0000-0000-0000-000000000019', 60.00, 'COMPLETED', '20000000-0000-0000-0000-000000000019', '00000000-0000-0000-0000-000000000009'),
('30000000-0000-0000-0000-000000000020', 115.00, 'CANCELLED', '20000000-0000-0000-0000-000000000020', '00000000-0000-0000-0000-000000000010');
